001	AGCAATCGCGCAC
002	AGTGGACCAACAA
003	ATAATATTCGGCA
004	ATGCTAGACATCG
005	ATGTTAAATGGAG
006	CAATCGATGGGCC
007	CAGGAACAACGCC
008	CCGAGATTGGCCG
009	CCTCCAACCGCTG
010	CTTGAGGTGAAGA
011	GCCCTATAACACA
012	GCGCTCTCCTACG
013	GCTTTGCTTGGCG
014	GGCCTATTAAGTT
015	GTATTCGCCTGGT
016	TAATAGGCTTCTG
017	TATCGCAAGAACA
018	TCCAGAGAAGAGA
019	TCTTCCTCCTCAA
020	TGCTAATACCAAT
021	TGGTCTCATGCGT
022	TTAAGCACCTGAA
023	TTAGGTGAATTTG
024	TTCATAACAGAAG
025	TTCATCGGTCTTA
026	AATAGAACTGCCT
027	AATGGCCGGTTCA
028	ACATTGTTATAGC
029	ACCGGATCTGCGA
030	ACTCCCAACCAAC
031	ACTTAACGTTAGC
032	AGCCACCGAAGCG
033	AGGCCGTCCTTGT
034	AGTAACTTGTTCC
035	CAAGACTCTACAC
036	CAAGTCCACTATG
037	CCGTTGGAGAACT
038	CCTACAAGAATAC
039	CGAGGATTCGATC
040	CTCCAATTCCTTC
041	CTTAAGAAGGTGC
042	GAAGGCGGCACCT
043	GACTTCTGTGGAC
044	GCAAGCCTGATTC
045	GCCATCCACAAGA
046	GCTCTTAATGATG
047	GCTGAGTGACCGT
048	GGACATTATAACA
049	GGCGCGAGATATA
050	GGTTAGGCGCATA
051	GTCACATAGATTG
052	TAACACTGGCTAC
053	TACTGACCTCGCC
054	TAGGTAAGAGTCT
055	TCTAATTGGACTC
056	TCTCCATCAACCT
057	TGGTCTTGGAACC
058	TGTATAGCGGAGC
059	TTACGGAGGCTCA
060	AACCGTATTGAAC
061	AAGGCGCCATGGC
062	AATTCCGTGGCGA
063	CATCTAAGGTGTA
064	CCTAGGATCGGAA
065	CGCACCGAATAAT
066	CTATGCGTCAAAT
067	CTCCTCCAGTTGC
068	CTGTATCTCGGTT
069	CTTTACTACAATG
070	GACAAGATTCCTA
071	GAGAAGCCGGCTG
072	GAGTGTGGTCAAG
073	GGATACCTCCTCT
074	GGCCACACGTTAA
075	GGTGTATCCTCCA
076	GGTTCCATGTAAG
077	GTTCTCCGGCCTG
078	GTTGCTGCCAGAA
079	GTTGGTTGTGTTC
080	AAGCGGAGCCAAT
081	AGGCCACATCCAG
082	CAGGGTATGAATA
083	CCAACTATCAGCT
084	CCGCACCATGACC
085	CCGGCGGAATGAG
086	CGTGTTACACCTT
087	GCCATGCTATTAT
088	TCCGTAATGCGCG
089	TTGGATGCGCGCT
090	ACAACAACGACAA
091	ACACGGCTGTCAT
092	CGCCTTACTGCCA
093	CTACAGAGTTGGT
094	GAGCCGTGGTGTT
095	GCAGAATTGTCTT
096	GTATGTTACGCTG
